id;pos_documento
1;[[['A', 'inteligência', 'artificial', 'é', 'uma', 'área', 'da', 'ciência', 'da', 'computação', 'que', 'se', 'concentra', 'no', 'desenvolvimento', 'de', 'algoritmos', 'e', 'sistemas', 'que', 'podem', 'realizar', 'tarefas', 'que', 'normalmente', 'exigiriam', 'inteligência', 'humana', 'para', 'serem', 'executadas', '.'], ['DET', 'NOUN', 'ADJ', 'AUX', 'DET', 'NOUN', 'ADP', 'NOUN', 'ADP', 'NOUN', 'PRON', 'PRON', 'VERB', 'ADP', 'NOUN', 'ADP', 'NOUN', 'CCONJ', 'NOUN', 'PRON', 'VERB', 'VERB', 'NOUN', 'PRON', 'ADV', 'VERB', 'NOUN', 'ADJ', 'SCONJ', 'AUX', 'VERB', 'PUNCT'], ['concentra', 'podem realizar', 'exigiriam', 'serem executadas'], ['o', 'inteligência', 'artificial', 'ser', 'um', 'área', 'de o', 'ciência', 'de o', 'computação', 'que', 'se', 'concentrar', 'em o', 'desenvolvimento', 'de', 'algoritmo', 'e', 'sistema', 'que', 'poder', 'realizar', 'tarefa', 'que', 'normalmente', 'exigir', 'inteligência', 'humano', 'para', 'ser', 'executar', '.']]]
2;[[['A', 'inteligência', 'artificial', 'é', 'uma', 'disciplina', 'que', 'procura', 'criar', 'máquinas', 'capazes', 'de', 'realizar', 'tarefas', 'que', 'exigem', 'inteligência', 'humana', ',', 'como', 'aprendizado', ',', 'tomada', 'de', 'decisões', 'e', 'resolução', 'de', 'problemas', '.'], ['DET', 'NOUN', 'ADJ', 'AUX', 'DET', 'NOUN', 'PRON', 'VERB', 'VERB', 'NOUN', 'ADJ', 'SCONJ', 'VERB', 'NOUN', 'PRON', 'VERB', 'NOUN', 'ADJ', 'PUNCT', 'ADP', 'NOUN', 'PUNCT', 'VERB', 'ADP', 'NOUN', 'CCONJ', 'NOUN', 'ADP', 'NOUN', 'PUNCT'], ['procura criar', 'realizar', 'exigem', 'tomada'], ['o', 'inteligência', 'artificial', 'ser', 'um', 'disciplina', 'que', 'procurar', 'criar', 'máquina', 'capaz', 'de', 'realizar', 'tarefa', 'que', 'exigir', 'inteligência', 'humano', ',', 'como', 'aprendizado', ',', 'tomar', 'de', 'decisão', 'e', 'resolução', 'de', 'problema', '.']]]
3;[[['A', 'inteligência', 'artificial', 'é', 'um', 'campo', 'da', 'tecnologia', 'que', 'envolve', 'a', 'criação', 'de', 'sistemas', 'que', 'podem', 'aprender', ',', 'raciocinar', ',', 'perceber', 'e', 'interagir', 'com', 'o', 'mundo', 'de', 'maneira', 'semelhante', 'à', 'humana', '.'], ['DET', 'NOUN', 'ADJ', 'AUX', 'DET', 'NOUN', 'ADP', 'NOUN', 'PRON', 'VERB', 'DET', 'NOUN', 'ADP', 'NOUN', 'PRON', 'VERB', 'VERB', 'PUNCT', 'VERB', 'PUNCT', 'VERB', 'CCONJ', 'VERB', 'ADP', 'DET', 'NOUN', 'ADP', 'NOUN', 'ADJ', 'ADP', 'NOUN', 'PUNCT'], ['envolve', 'podem aprender', 'raciocinar', 'perceber', 'interagir'], ['o', 'inteligência', 'artificial', 'ser', 'um', 'campo', 'de o', 'tecnologia', 'que', 'envolver', 'o', 'criação', 'de', 'sistema', 'que', 'poder', 'aprender', ',', 'raciocinar', ',', 'perceber', 'e', 'interagir', 'com', 'o', 'mundo', 'de', 'maneira', 'semelhante', 'a o', 'humano', '.']]]
4;[[['A', 'inteligência', 'artificial', 'é', 'um', 'conjunto', 'de', 'técnicas', ',', 'algoritmos', 'e', 'tecnologias', 'que', 'permitem', 'que', 'os', 'computadores', 'processem', 'informações', ',', 'resolvam', 'problemas', 'e', 'realizem', 'tarefas', 'de', 'forma', 'autônoma', 'e', 'inteligente', '.'], ['DET', 'NOUN', 'ADJ', 'AUX', 'DET', 'NOUN', 'ADP', 'NOUN', 'PUNCT', 'NOUN', 'CCONJ', 'NOUN', 'PRON', 'VERB', 'SCONJ', 'DET', 'NOUN', 'VERB', 'NOUN', 'PUNCT', 'VERB', 'NOUN', 'CCONJ', 'VERB', 'NOUN', 'ADP', 'NOUN', 'ADJ', 'CCONJ', 'ADJ', 'PUNCT'], ['permitem', 'processem', 'resolvam', 'realizem'], ['o', 'inteligência', 'artificial', 'ser', 'um', 'conjunto', 'de', 'técnica', ',', 'algoritmo', 'e', 'tecnologia', 'que', 'permitir', 'que', 'o', 'computador', 'procer', 'informação', ',', 'resolvam', 'problema', 'e', 'realizar', 'tarefa', 'de', 'forma', 'autônomo', 'e', 'inteligente', '.']]]
5;[[['A', 'inteligência', 'artificial', 'é', 'um', 'ramo', 'da', 'ciência', 'da', 'computação', 'que', 'se', 'concentra', 'em', 'desenvolver', 'algoritmos', 'e', 'sistemas', 'que', 'podem', 'executar', 'tarefas', 'cognitivas', ',', 'como', 'reconhecimento', 'de', 'fala', ',', 'visão', 'computacional', 'e', 'tomada', 'de', 'decisões', '.'], ['DET', 'NOUN', 'ADJ', 'AUX', 'DET', 'NOUN', 'ADP', 'NOUN', 'ADP', 'NOUN', 'PRON', 'PRON', 'VERB', 'SCONJ', 'VERB', 'NOUN', 'CCONJ', 'NOUN', 'PRON', 'VERB', 'VERB', 'NOUN', 'ADJ', 'PUNCT', 'ADP', 'NOUN', 'ADP', 'VERB', 'PUNCT', 'NOUN', 'ADJ', 'CCONJ', 'VERB', 'ADP', 'NOUN', 'PUNCT'], ['concentra', 'desenvolver', 'podem executar', 'fala', 'tomada'], ['o', 'inteligência', 'artificial', 'ser', 'um', 'ramo', 'de o', 'ciência', 'de o', 'computação', 'que', 'se', 'concentrar', 'em', 'desenvolver', 'algoritmo', 'e', 'sistema', 'que', 'poder', 'executar', 'tarefa', 'cognitivo', ',', 'como', 'reconhecimento', 'de', 'falar', ',', 'visão', 'computacional', 'e', 'tomar', 'de', 'decisão', '.']]]
6;[[['A', 'inteligência', 'artificial', 'é', 'um', 'campo', 'interdisciplinar', 'que', 'combina', 'conhecimentos', 'de', 'ciência', 'da', 'computação', ',', 'matemática', ',', 'engenharia', 'elétrica', ',', 'psicologia', ',', 'filosofia', 'e', 'neurociência', ',', 'entre', 'outras', 'disciplinas', '.'], ['DET', 'NOUN', 'ADJ', 'AUX', 'DET', 'NOUN', 'ADJ', 'PRON', 'VERB', 'NOUN', 'ADP', 'NOUN', 'ADP', 'NOUN', 'PUNCT', 'NOUN', 'PUNCT', 'NOUN', 'ADJ', 'PUNCT', 'NOUN', 'PUNCT', 'NOUN', 'CCONJ', 'NOUN', 'PUNCT', 'ADP', 'DET', 'NOUN', 'PUNCT'], ['combina'], ['o', 'inteligência', 'artificial', 'ser', 'um', 'campo', 'interdisciplinar', 'que', 'combinar', 'conhecimento', 'de', 'ciência', 'de o', 'computação', ',', 'matemática', ',', 'engenharia', 'elétrico', ',', 'psicologia', ',', 'filosofia', 'e', 'neurociência', ',', 'entre', 'outro', 'disciplina', '.']]]
7;[[['A', 'inteligência', 'artificial', 'é', 'uma', 'tecnologia', 'que', 'permite', 'que', 'os', 'computadores', 'simulem', 'o', 'pensamento', 'humano', ',', 'permitindo', 'que', 'eles', 'aprendam', 'com', 'experiências', 'e', 'melhorem', 'sua', 'capacidade', 'de', 'realizar', 'tarefas', 'específicas', '.'], ['DET', 'NOUN', 'ADJ', 'AUX', 'DET', 'NOUN', 'PRON', 'VERB', 'SCONJ', 'DET', 'NOUN', 'VERB', 'DET', 'NOUN', 'ADJ', 'PUNCT', 'VERB', 'SCONJ', 'PRON', 'VERB', 'ADP', 'NOUN', 'CCONJ', 'VERB', 'DET', 'NOUN', 'SCONJ', 'VERB', 'NOUN', 'ADJ', 'PUNCT'], ['permite', 'simulem', 'permitindo', 'aprendam', 'melhorem', 'realizar'], ['o', 'inteligência', 'artificial', 'ser', 'um', 'tecnologia', 'que', 'permitir', 'que', 'o', 'computador', 'simular', 'o', 'pensamento', 'humano', ',', 'permitir', 'que', 'ele', 'aprendam', 'com', 'experiência', 'e', 'melhorar', 'seu', 'capacidade', 'de', 'realizar', 'tarefa', 'específico', '.']]]
8;[[['A', 'inteligência', 'artificial', 'é', 'uma', 'área', 'da', 'ciência', 'da', 'computação', 'que', 'busca', 'criar', 'máquinas', 'capazes', 'de', 'entender', ',', 'raciocinar', 'e', 'aprender', ',', 'permitindo', 'que', 'elas', 'tomem', 'decisões', 'informadas', 'com', 'base', 'em', 'dados', 'e', 'informações', '.'], ['DET', 'NOUN', 'ADJ', 'AUX', 'DET', 'NOUN', 'ADP', 'NOUN', 'ADP', 'NOUN', 'PRON', 'VERB', 'VERB', 'NOUN', 'ADJ', 'SCONJ', 'VERB', 'PUNCT', 'VERB', 'CCONJ', 'VERB', 'PUNCT', 'VERB', 'SCONJ', 'PRON', 'VERB', 'NOUN', 'VERB', 'ADP', 'NOUN', 'ADP', 'NOUN', 'CCONJ', 'NOUN', 'PUNCT'], ['busca criar', 'entender', 'raciocinar', 'aprender', 'permitindo', 'tomem', 'informadas'], ['o', 'inteligência', 'artificial', 'ser', 'um', 'área', 'de o', 'ciência', 'de o', 'computação', 'que', 'buscar', 'criar', 'máquina', 'capaz', 'de', 'entender', ',', 'raciocinar', 'e', 'aprender', ',', 'permitir', 'que', 'ele', 'tomem', 'decisão', 'informar', 'com', 'base', 'em', 'dado', 'e', 'informação', '.']]]
9;[[['A', 'inteligência', 'artificial', 'é', 'uma', 'tecnologia', 'que', 'utiliza', 'algoritmos', 'de', 'aprendizado', 'de', 'máquina', 'e', 'redes', 'neurais', 'artificiais', 'para', 'criar', 'sistemas', 'que', 'possam', 'realizar', 'tarefas', 'de', 'forma', 'autônoma', ',', 'sem', 'intervenção', 'humana', '.'], ['DET', 'NOUN', 'ADJ', 'AUX', 'DET', 'NOUN', 'PRON', 'VERB', 'NOUN', 'ADP', 'NOUN', 'ADP', 'PROPN', 'CCONJ', 'NOUN', 'ADJ', 'ADJ', 'SCONJ', 'VERB', 'NOUN', 'PRON', 'VERB', 'VERB', 'NOUN', 'ADP', 'NOUN', 'ADJ', 'PUNCT', 'ADP', 'NOUN', 'ADJ', 'PUNCT'], ['utiliza', 'criar', 'possam realizar'], ['o', 'inteligência', 'artificial', 'ser', 'um', 'tecnologia', 'que', 'utilizar', 'algoritmos', 'de', 'aprendizado', 'de', 'máquina', 'e', 'rede', 'neural', 'artificial', 'para', 'criar', 'sistema', 'que', 'poder', 'realizar', 'tarefa', 'de', 'forma', 'autônomo', ',', 'sem', 'intervenção', 'humano', '.']]]
10;[[['A', 'inteligência', 'artificial', 'é', 'um', 'campo', 'em', 'constante', 'evolução', 'que', 'tem', 'o', 'potencial', 'de', 'transformar', 'a', 'maneira', 'como', 'as', 'pessoas', 'trabalham', ',', 'se', 'comunicam', ',', 'se', 'divertem', 'e', 'vivem', 'suas', 'vidas', ',', 'permitindo', 'que', 'os', 'computadores', 'realizem', 'tarefas', 'cada', 'vez', 'mais', 'complexas', 'e', 'sofisticadas', '.'], ['DET', 'NOUN', 'ADJ', 'AUX', 'DET', 'NOUN', 'ADP', 'ADJ', 'NOUN', 'PRON', 'VERB', 'DET', 'NOUN', 'SCONJ', 'VERB', 'DET', 'NOUN', 'ADV', 'DET', 'NOUN', 'VERB', 'PUNCT', 'PRON', 'VERB', 'PUNCT', 'PRON', 'VERB', 'CCONJ', 'VERB', 'DET', 'NOUN', 'PUNCT', 'VERB', 'SCONJ', 'DET', 'NOUN', 'VERB', 'NOUN', 'NOUN', 'ADP', 'NOUN', 'ADJ', 'CCONJ', 'ADJ', 'PUNCT'], ['tem', 'transformar', 'trabalham', 'comunicam', 'divertem', 'vivem', 'permitindo', 'realizem'], ['o', 'inteligência', 'artificial', 'ser', 'um', 'campo', 'em', 'constante', 'evolução', 'que', 'ter', 'o', 'potencial', 'de', 'transformar', 'o', 'maneira', 'como', 'o', 'pessoa', 'trabalhar', ',', 'se', 'comunicar', ',', 'se', 'divertir', 'e', 'viver', 'seu', 'vida', ',', 'permitir', 'que', 'o', 'computador', 'realizem', 'tarefa', 'cada', 'vez', 'mais', 'complexo', 'e', 'sofisticar', '.']]]
11;[[['A', '\xa0', 'Inteligência', 'Artificial', ',', 'que', 'você', 'vai', 'ver', 'por', 'aí', 'sendo', 'citada', 'apenas', 'como', 'IA', '(', 'ou', '\xa0', 'AI', ',', 'de', '\xa0', 'artificial', 'intelligence', ')', ',', 'é', 'um', 'avanço', 'tecnológico', 'que', 'permite', 'que', 'sistemas', 'simulem', 'uma', 'inteligência', 'similar', 'à', 'humana', '\x97', 'indo', 'além', 'da', 'programação', 'de', 'ordens', 'específicas', 'para', 'tomar', 'decisões', 'de', 'forma', 'autônoma', ',', 'baseadas', 'em', 'padrões', 'de', 'enormes', 'bancos', 'de', 'dados', '.'], ['DET', 'SPACE', 'PROPN', 'PROPN', 'PUNCT', 'PRON', 'PRON', 'AUX', 'VERB', 'ADP', 'ADV', 'AUX', 'VERB', 'ADV', 'ADP', 'PROPN', 'PUNCT', 'CCONJ', 'SPACE', 'PROPN', 'PUNCT', 'ADP', 'SPACE', 'ADJ', 'X', 'PUNCT', 'PUNCT', 'AUX', 'DET', 'NOUN', 'ADJ', 'PRON', 'VERB', 'SCONJ', 'NOUN', 'VERB', 'DET', 'NOUN', 'ADJ', 'ADP', 'ADJ', 'NOUN', 'VERB', 'ADV', 'ADP', 'NOUN', 'ADP', 'NOUN', 'ADJ', 'SCONJ', 'VERB', 'NOUN', 'ADP', 'NOUN', 'ADJ', 'PUNCT', 'VERB', 'ADP', 'NOUN', 'ADP', 'ADJ', 'NOUN', 'ADP', 'NOUN', 'PUNCT'], ['vai ver', 'sendo citada', 'permite', 'simulem', 'indo', 'tomar', 'baseadas'], ['a', '\xa0', 'Inteligência', 'Artificial', ',', 'que', 'você', 'ir', 'ver', 'por', 'aí', 'ser', 'citar', 'apenas', 'como', 'IA', '(', 'ou', '\xa0', 'AI', ',', 'de', '\xa0', 'artificial', 'intelligence', ')', ',', 'ser', 'um', 'avanço', 'tecnológico', 'que', 'permitir', 'que', 'sistema', 'simulem', 'um', 'inteligência', 'similar', 'a o', 'humano', '\x97', 'ir', 'além', 'de o', 'programação', 'de', 'ordem', 'específico', 'para', 'tomar', 'decisão', 'de', 'forma', 'autônomo', ',', 'basear', 'em', 'padrão', 'de', 'enorme', 'banco', 'de', 'dado', '.']]]
12;[[['Inteligência', 'artificial', 'é', 'a', 'capacidade', 'de', 'dispositivos', 'eletrônicos', 'de', '\xa0', 'funcionar', 'de', 'maneira', 'que', 'lembra', 'o', 'pensamento', 'humano', '.'], ['NOUN', 'ADJ', 'AUX', 'DET', 'NOUN', 'ADP', 'NOUN', 'ADJ', 'SCONJ', 'SPACE', 'VERB', 'ADP', 'NOUN', 'PRON', 'VERB', 'DET', 'NOUN', 'ADJ', 'PUNCT'], ['funcionar', 'lembra'], ['inteligência', 'artificial', 'ser', 'o', 'capacidade', 'de', 'dispositivo', 'eletrônico', 'de', '\xa0', 'funcionar', 'de', 'maneira', 'que', 'lembrar', 'o', 'pensamento', 'humano', '.']], [['Isso', 'implica', 'em', 'perceber', 'variáveis', ',', 'tomar', 'decisões', 'e', '\xa0', 'resolver', 'problemas', '.'], ['PRON', 'VERB', 'SCONJ', 'VERB', 'NOUN', 'PUNCT', 'VERB', 'NOUN', 'CCONJ', 'SPACE', 'VERB', 'NOUN', 'PUNCT'], ['implica em perceber', 'tomar', 'resolver'], ['isso', 'implicar', 'em', 'perceber', 'variável', ',', 'tomar', 'decisão', 'e', '\xa0', 'resolver', 'problema', '.']], [['Enfim', ',', 'operar', 'em', 'uma', 'lógica', 'que', 'remete', 'ao', 'raciocínio', '.'], ['ADV', 'PUNCT', 'VERB', 'ADP', 'DET', 'NOUN', 'PRON', 'VERB', 'ADP', 'NOUN', 'PUNCT'], ['operar', 'remete'], ['enfim', ',', 'operar', 'em', 'um', 'lógico', 'que', 'remetir', 'a o', 'raciocínio', '.']]]
13;[[['Uma', 'solução', 'de', 'IA', 'envolve', 'um', 'agrupamento', 'de', 'várias', 'tecnologias', ',', 'como', 'redes', 'neurais', 'artificiais', ',', 'algoritmos', ',', 'sistemas', 'de', 'aprendizado', ',', 'entre', 'outros', 'que', 'conseguem', 'simular', 'capacidades', 'humanas', 'ligadas', 'à', 'inteligência', '.'], ['DET', 'NOUN', 'ADP', 'PROPN', 'VERB', 'DET', 'NOUN', 'ADP', 'DET', 'NOUN', 'PUNCT', 'ADP', 'NOUN', 'ADJ', 'ADJ', 'PUNCT', 'ADJ', 'PUNCT', 'NOUN', 'ADP', 'NOUN', 'PUNCT', 'ADP', 'PRON', 'PRON', 'VERB', 'VERB', 'NOUN', 'ADJ', 'VERB', 'ADP', 'NOUN', 'PUNCT'], ['envolve', 'conseguem simular', 'ligadas'], ['um', 'solução', 'de', 'IA', 'envolver', 'um', 'agrupamento', 'de', 'várias', 'tecnologia', ',', 'como', 'rede', 'neural', 'artificial', ',', 'algoritmo', ',', 'sistema', 'de', 'aprendizado', ',', 'entre', 'outro', 'que', 'conseguir', 'simular', 'capacidade', 'humano', 'ligar', 'a o', 'inteligência', '.']], [['Por', 'exemplo', ',', '\xa0', 'o', 'raciocínio', ',', 'a', 'percepção', 'de', 'ambiente', 'e', 'a', 'habilidade', 'de', 'análise', 'para', 'a', 'tomada', 'de', 'decisão', '.'], ['ADP', 'NOUN', 'PUNCT', 'SPACE', 'DET', 'NOUN', 'PUNCT', 'DET', 'NOUN', 'ADP', 'NOUN', 'CCONJ', 'DET', 'NOUN', 'ADP', 'NOUN', 'ADP', 'DET', 'NOUN', 'ADP', 'NOUN', 'PUNCT'], [], ['por', 'exemplo', ',', '\xa0', 'o', 'raciocínio', ',', 'o', 'percepção', 'de', 'ambiente', 'e', 'o', 'habilidade', 'de', 'análise', 'para', 'o', 'tomada', 'de', 'decisão', '.']]]
14;[[['Inteligência', 'artificial', '(', 'IA', ')', '\xa0', 'é', 'uma', 'tecnologia', 'programada', 'para', 'simular', 'a', 'inteligência', 'humana', 'e', ',', 'assim', ',', 'ter', 'algum', 'nível', 'de', 'autonomia', 'para', 'tomar', 'decisões', 'e', 'resolver', 'problemas', 'lógicos', '.'], ['NOUN', 'ADJ', 'PUNCT', 'PROPN', 'PUNCT', 'SPACE', 'AUX', 'DET', 'NOUN', 'VERB', 'SCONJ', 'VERB', 'DET', 'NOUN', 'ADJ', 'CCONJ', 'PUNCT', 'ADV', 'PUNCT', 'VERB', 'DET', 'NOUN', 'ADP', 'NOUN', 'SCONJ', 'VERB', 'NOUN', 'CCONJ', 'VERB', 'NOUN', 'ADJ', 'PUNCT'], ['programada', 'simular', 'ter', 'tomar', 'resolver'], ['inteligência', 'artificial', '(', 'IA', ')', '\xa0', 'ser', 'um', 'tecnologia', 'programar', 'para', 'simular', 'o', 'inteligência', 'humano', 'e', ',', 'assim', ',', 'ter', 'algum', 'nível', 'de', 'autonomia', 'para', 'tomar', 'decisão', 'e', 'resolver', 'problema', 'lógico', '.']]]
15;[[['A', 'inteligência', 'artificial', 'é', 'um', 'ramo', 'de', 'pesquisa', 'da', 'ciência', 'da', 'computação', 'que', 'busca', ',', 'através', 'de', 'símbolos', 'computacionais', ',', 'construir', 'mecanismos', 'e/ou', 'dispositivos', 'que', 'simulem', 'a', 'capacidade', 'do', 'ser', 'humano', 'de', 'pensar', ',', 'resolver', 'problemas', ',', 'ou', 'seja', ',', 'de', 'ser', 'inteligente', '.'], ['DET', 'NOUN', 'ADJ', 'AUX', 'DET', 'NOUN', 'ADP', 'NOUN', 'ADP', 'NOUN', 'ADP', 'NOUN', 'PRON', 'VERB', 'PUNCT', 'ADV', 'ADP', 'NOUN', 'ADJ', 'PUNCT', 'VERB', 'NOUN', 'CCONJ', 'NOUN', 'PRON', 'VERB', 'DET', 'NOUN', 'ADP', 'NOUN', 'ADJ', 'SCONJ', 'VERB', 'PUNCT', 'VERB', 'NOUN', 'PUNCT', 'CCONJ', 'VERB', 'PUNCT', 'SCONJ', 'AUX', 'ADJ', 'PUNCT'], ['busca', 'construir', 'simulem', 'pensar', 'resolver', 'seja'], ['o', 'inteligência', 'artificial', 'ser', 'um', 'ramo', 'de', 'pesquisa', 'de o', 'ciência', 'de o', 'computação', 'que', 'buscar', ',', 'através', 'de', 'símbolo', 'computacional', ',', 'construir', 'mecanismo', 'e/ou', 'dispositivo', 'que', 'simular', 'o', 'capacidade', 'de o', 'ser', 'humano', 'de', 'pensar', ',', 'resolver', 'problema', ',', 'ou', 'ser', ',', 'de', 'ser', 'inteligente', '.']]]
16;[[['A', 'inteligência', 'artificial', 'é', 'um', 'campo', 'da', 'ciência', 'preocupado', 'com', 'a', 'criação', 'de', 'computadores', 'e', 'máquinas', 'que', 'podem', 'raciocinar', ',', 'aprender', 'e', 'atuar', 'de', 'maneira', 'que', 'normalmente', 'exigiria', 'inteligência', 'humana', 'ou', 'que', 'envolvia', 'dados', 'com', 'escala', 'maior', 'que', 'as', 'pessoas', 'podem', 'analisar', '.'], ['DET', 'NOUN', 'ADJ', 'AUX', 'DET', 'NOUN', 'ADP', 'NOUN', 'VERB', 'ADP', 'DET', 'NOUN', 'ADP', 'NOUN', 'CCONJ', 'NOUN', 'PRON', 'VERB', 'VERB', 'PUNCT', 'VERB', 'CCONJ', 'VERB', 'ADP', 'NOUN', 'PRON', 'ADV', 'VERB', 'NOUN', 'ADJ', 'CCONJ', 'PRON', 'VERB', 'NOUN', 'ADP', 'NOUN', 'ADJ', 'SCONJ', 'DET', 'NOUN', 'VERB', 'VERB', 'PUNCT'], ['preocupado', 'podem raciocinar', 'aprender', 'atuar', 'exigiria', 'envolvia', 'podem analisar'], ['o', 'inteligência', 'artificial', 'ser', 'um', 'campo', 'de o', 'ciência', 'preocupado', 'com', 'o', 'criação', 'de', 'computador', 'e', 'máquina', 'que', 'poder', 'raciocinar', ',', 'aprender', 'e', 'atuar', 'de', 'maneira', 'que', 'normalmente', 'exigir', 'inteligência', 'humano', 'ou', 'que', 'envolver', 'dado', 'com', 'escala', 'grande', 'que', 'o', 'pessoa', 'poder', 'analisar', '.']]]
17;"[[['Na', '\xa0', 'tecnologia', ',', 'a', '\xa0', 'Inteligência', 'Artificial', '\xa0', '(', 'de', 'sigla', ':', '\xa0', 'IA', ';', 'do', '\xa0', 'inglês', ':', '\xa0', 'Artificial', 'Intelligence', ',', 'de', 'sigla', ':', '\xa0', 'AI', ')', 'é', 'a', '\xa0', 'inteligência', '\xa0', 'demonstrada', 'por', '\xa0', 'máquinas', '\xa0', 'ao', 'executar', 'tarefas', 'complexas', 'associadas', 'a', 'seres', 'inteligentes', ',', '\xa0', 'além', 'de', 'também', 'ser', 'um', 'campo', 'de', 'estudo', 'acadêmico', ',', '\xa0', 'no', 'qual', 'o', 'principal', 'objetivo', 'é', 'de', 'executar', 'funções', 'de', 'modo', 'autônomo', '.'], ['ADP', 'SPACE', 'NOUN', 'PUNCT', 'DET', 'SPACE', 'PROPN', 'PROPN', 'SPACE', 'PUNCT', 'ADP', 'NOUN', 'PUNCT', 'SPACE', 'NOUN', 'PUNCT', 'ADP', 'SPACE', 'NOUN', 'PUNCT', 'SPACE', 'PROPN', 'PROPN', 'PUNCT', 'ADP', 'NOUN', 'PUNCT', 'SPACE', 'PROPN', 'PUNCT', 'AUX', 'DET', 'SPACE', 'NOUN', 'SPACE', 'VERB', 'ADP', 'SPACE', 'NOUN', 'SPACE', 'ADP', 'VERB', 'NOUN', 'ADJ', 'VERB', 'ADP', 'NOUN', 'ADJ', 'PUNCT', 'SPACE', 'ADV', 'ADP', 'ADV', 'AUX', 'DET', 'NOUN', 'ADP', 'NOUN', 'ADJ', 'PUNCT', 'SPACE', 'ADP', 'PRON', 'DET', 'ADJ', 'NOUN', 'VERB', 'SCONJ', 'VERB', 'NOUN', 'ADP', 'NOUN', 'ADJ', 'PUNCT'], ['demonstrada', 'executar', 'associadas', 'é', 'executar'], ['em o', '\xa0', 'tecnologia', ',', 'o', '\xa0', 'Inteligência', 'Artificial', '\xa0', '(', 'de', 'sigla', ':', '\xa0', 'IA', ';', 'de o', '\xa0', 'inglês', ':', '\xa0', 'Artificial', 'Intelligence', ',', 'de', 'sigla', ':', '\xa0', 'AI', ')', 'ser', 'o', '\xa0', 'inteligência', '\xa0', 'demonstrar', 'por', '\xa0', 'máquina', '\xa0', 'a o', 'executar', 'tarefa', 'complexo', 'associar', 'a', 'ser', 'inteligente', ',', '\xa0', 'além', 'de', 'também', 'ser', 'um', 'campo', 'de', 'estudo', 'acadêmico', ',', '\xa0', 'em o', 'qual', 'o', 'principal', 'objetivo', 'ser', 'de', 'executar', 'função', 'de', 'modo', 'autônomo', '.']]]"
18;"[[['A', '\xa0', 'Inteligência', 'Artificial', '(', 'IA', ')', '\xa0', 'é', 'um', 'conceito', 'da', 'tecnologia', 'moderna', 'que', 'pressupõe', 'uma', '""', 'inteligência', '""', 'protagonizada', 'por', 'máquinas', '\x97', 'aqui', ',', 'podemos', 'incluir', '\xa0', 'computadores', ',', '\xa0', 'celulares', ',', '\xa0', 'tablets', ',', '\xa0', 'plataformas', 'de', 'internet', ',', '\xa0', 'sistemas', 'industriais', '\xa0', 'e', 'até', 'pequenos', '\xa0', 'objetos', 'eletrônicos', '.'], ['DET', 'SPACE', 'PROPN', 'PROPN', 'PUNCT', 'PROPN', 'PUNCT', 'SPACE', 'AUX', 'DET', 'NOUN', 'ADP', 'NOUN', 'ADJ', 'PRON', 'VERB', 'DET', 'PUNCT', 'NOUN', 'PUNCT', 'VERB', 'ADP', 'NOUN', 'NOUN', 'ADV', 'PUNCT', 'VERB', 'VERB', 'SPACE', 'NOUN', 'PUNCT', 'SPACE', 'ADJ', 'PUNCT', 'SPACE', 'NOUN', 'PUNCT', 'SPACE', 'NOUN', 'ADP', 'PROPN', 'PUNCT', 'SPACE', 'NOUN', 'ADJ', 'SPACE', 'CCONJ', 'ADP', 'ADJ', 'SPACE', 'NOUN', 'ADJ', 'PUNCT'], ['pressupõe', 'protagonizada', 'podemos incluir'], ['a', '\xa0', 'Inteligência', 'Artificial', '(', 'IA', ')', '\xa0', 'ser', 'um', 'conceito', 'de o', 'tecnologia', 'moderno', 'que', 'pressupor', 'um', '""', 'inteligência', '""', 'protagonizar', 'por', 'máquina', '\x97', 'aqui', ',', 'poder', 'incluir', '\xa0', 'computador', ',', '\xa0', 'celular', ',', '\xa0', 'tablets', ',', '\xa0', 'plataforma', 'de', 'Internet', ',', '\xa0', 'sistema', 'industrial', '\xa0', 'e', 'até', 'pequeno', '\xa0', 'objeto', 'eletrônico', '.']]]"
19;[[['A', 'Inteligência', 'Artificial', '(', 'IA', ')', 'é', 'a', 'simulação', 'da', 'inteligência', 'humana', 'por', 'meio', 'de', 'máquinas', ',', 'permitindo', 'que', 'elas', 'realizem', 'tarefas', 'que', 'normalmente', 'exigem', 'o', 'esforço', 'humano', ',', 'como', 'aprendizado', ',', 'raciocínio', 'e', 'tomada', 'de', 'decisões', '.'], ['DET', 'PROPN', 'PROPN', 'PUNCT', 'PROPN', 'PUNCT', 'AUX', 'DET', 'NOUN', 'ADP', 'NOUN', 'ADJ', 'ADP', 'NOUN', 'ADP', 'NOUN', 'PUNCT', 'VERB', 'SCONJ', 'PRON', 'VERB', 'NOUN', 'PRON', 'ADV', 'VERB', 'DET', 'NOUN', 'ADJ', 'PUNCT', 'ADP', 'NOUN', 'PUNCT', 'ADJ', 'CCONJ', 'VERB', 'ADP', 'NOUN', 'PUNCT'], ['permitindo', 'realizem', 'exigem', 'tomada'], ['o', 'Inteligência', 'Artificial', '(', 'IA', ')', 'ser', 'o', 'simulação', 'de o', 'inteligência', 'humano', 'por', 'meio', 'de', 'máquina', ',', 'permitir', 'que', 'ele', 'realizem', 'tarefa', 'que', 'normalmente', 'exigir', 'o', 'esforço', 'humano', ',', 'como', 'aprendizado', ',', 'raciocínio', 'e', 'tomar', 'de', 'decisão', '.']]]
20;[[['A', 'Inteligência', 'Artificial', '(', 'IA', ')', 'é', 'um', 'ramo', 'da', 'ciência', 'da', 'computação', 'que', 'lida', 'com', 'a', 'simulação', 'de', 'comportamento', 'inteligente', 'em', 'computadores', 'e', 'a', 'capacidade', 'de', 'um', 'máquina', 'em', 'imitar', 'o', 'comportamento', 'humano', 'inteligente', '.'], ['DET', 'PROPN', 'PROPN', 'PUNCT', 'PROPN', 'PUNCT', 'AUX', 'DET', 'NOUN', 'ADP', 'NOUN', 'ADP', 'NOUN', 'PRON', 'VERB', 'ADP', 'DET', 'NOUN', 'ADP', 'NOUN', 'ADJ', 'ADP', 'NOUN', 'CCONJ', 'DET', 'NOUN', 'ADP', 'DET', 'PROPN', 'SCONJ', 'VERB', 'DET', 'NOUN', 'ADJ', 'ADJ', 'PUNCT'], ['lida', 'imitar'], ['o', 'Inteligência', 'Artificial', '(', 'IA', ')', 'ser', 'um', 'ramo', 'de o', 'ciência', 'de o', 'computação', 'que', 'ler', 'com', 'o', 'simulação', 'de', 'comportamento', 'inteligente', 'em', 'computador', 'e', 'o', 'capacidade', 'de', 'um', 'máquina', 'em', 'imitar', 'o', 'comportamento', 'humano', 'inteligente', '.']]]
