id;ner_documento
1;[[0, []]]
2;[[0, []]]
3;[[0, []]]
4;[[0, []]]
5;[[0, []]]
6;[[0, []]]
7;[[0, []]]
8;[[0, []]]
9;[[0, []]]
10;[[0, []]]
11;[[0, [['Inteligência Artificial', 'MISC', 2, 25], ['IA', 'MISC', 76, 78], ['AI', 'MISC', 83, 85]]]]
12;[[0, []], [1, []], [2, []]]
13;[[0, []], [1, []]]
14;[[0, []]]
15;[[0, []]]
16;[[0, []]]
17;[[0, [['Inteligência Artificial\xa0', 'MISC', 17, 41], ['Artificial Intelligence', 'MISC', 67, 90]]]]
18;[[0, [['Inteligência Artificial', 'MISC', 2, 25]]]]
19;[[0, [['Inteligência Artificial', 'MISC', 2, 25]]]]
20;[[0, [['Inteligência Artificial', 'MISC', 2, 25]]]]
